task_id,department,corridor_id,defect_severity,days_overdue,estimated_hours,asset_age_years,actual_risk_score
1,S&T,COR_03,A,23,1,13,76.79
2,Engineering,COR_03,C,25,4,17,41.67
3,S&T,COR_05,B,18,7,9,54.84
4,S&T,COR_04,C,4,4,8,21.59
5,Engineering,COR_02,C,6,4,20,18.94
6,Engineering,COR_04,C,20,7,26,39.97
7,S&T,COR_04,A,7,2,27,47.84
8,Traction,COR_03,B,27,6,21,71.33
9,S&T,COR_04,A,4,3,18,47.35
10,S&T,COR_01,C,16,1,13,40.75
11,S&T,COR_03,C,4,5,16,12.71
12,S&T,COR_01,C,3,7,9,12.36
13,Engineering,COR_02,B,21,6,12,55.93
14,S&T,COR_03,C,18,7,12,37.48
15,Traction,COR_02,C,26,3,6,43.25
16,Engineering,COR_03,B,20,2,19,50.65
17,Traction,COR_05,C,1,7,28,18.67
18,Traction,COR_04,B,10,3,7,39.59
19,Traction,COR_05,B,21,3,25,53.13
20,Traction,COR_02,C,12,2,3,31.02
21,Engineering,COR_04,B,14,4,16,49.6
22,Engineering,COR_03,C,11,4,18,26.92
23,Traction,COR_04,C,21,1,16,39.67
24,Traction,COR_01,C,20,1,23,41.7
25,Engineering,COR_04,B,21,4,7,50.17
26,Engineering,COR_01,C,10,6,4,22.63
27,Engineering,COR_04,C,6,5,27,11.67
28,S&T,COR_01,C,27,3,25,52.83
29,S&T,COR_02,B,4,5,8,20.0
30,S&T,COR_05,A,16,3,13,73.69
31,Traction,COR_03,C,23,4,13,39.99
32,S&T,COR_04,A,19,1,17,72.65
33,Traction,COR_05,C,8,6,17,19.35
34,Traction,COR_03,C,13,1,5,25.4
35,S&T,COR_03,C,25,5,6,49.19
36,Traction,COR_01,C,11,1,19,15.43
37,S&T,COR_02,C,5,4,13,23.11
38,S&T,COR_02,C,16,6,25,35.75
39,Engineering,COR_05,C,18,5,28,32.08
40,S&T,COR_02,C,18,6,26,32.31
41,Engineering,COR_04,A,25,3,14,92.26
42,S&T,COR_02,A,15,1,22,62.44
43,S&T,COR_05,C,11,6,4,18.7
44,Engineering,COR_02,B,11,2,28,46.78
45,Engineering,COR_04,B,19,1,7,52.31
46,S&T,COR_01,B,5,3,8,24.37
47,Traction,COR_05,C,22,6,25,43.22
48,Engineering,COR_01,C,25,5,13,39.56
49,Traction,COR_01,C,3,3,27,22.14
50,Traction,COR_01,C,5,2,6,20.9
51,Traction,COR_03,C,10,6,6,25.22
52,Engineering,COR_03,B,0,7,24,25.0
53,Traction,COR_01,C,29,7,28,59.97
54,Engineering,COR_05,A,23,4,21,82.13
55,Traction,COR_04,C,22,1,3,33.08
56,S&T,COR_04,C,14,5,28,34.11
57,S&T,COR_02,B,26,4,3,70.59
58,Engineering,COR_05,A,10,6,13,50.74
59,S&T,COR_03,B,24,7,22,59.87
60,S&T,COR_01,A,18,7,2,70.81
61,Traction,COR_02,A,17,7,16,69.25
62,Engineering,COR_04,C,16,6,22,29.34
63,Traction,COR_03,C,18,7,29,42.62
64,Traction,COR_03,C,20,3,6,46.53
65,Traction,COR_01,C,13,6,8,28.09
66,Traction,COR_04,C,26,5,23,43.22
67,Traction,COR_05,C,17,4,8,25.66
68,Traction,COR_03,A,27,5,25,91.83
69,Traction,COR_01,C,18,2,6,38.45
70,Engineering,COR_05,B,14,7,14,46.15
71,S&T,COR_04,C,14,2,3,27.65
72,Traction,COR_03,C,3,1,10,11.6
73,Traction,COR_05,C,6,1,3,12.12
74,Traction,COR_05,A,12,2,27,65.38
75,Traction,COR_05,C,2,6,12,17.31
76,Traction,COR_03,C,15,5,17,24.61
77,Traction,COR_03,A,8,2,27,60.9
78,S&T,COR_02,B,7,1,29,38.05
79,S&T,COR_04,C,19,2,5,40.92
80,Traction,COR_01,A,12,6,20,54.44
81,S&T,COR_05,C,16,2,25,28.17
82,Engineering,COR_02,B,16,5,9,45.69
83,Traction,COR_01,A,16,4,21,70.66
84,Engineering,COR_02,C,0,6,26,21.06
85,Engineering,COR_03,B,7,1,20,37.03
86,Traction,COR_05,C,18,5,7,32.63
87,S&T,COR_01,A,5,2,22,42.49
88,Engineering,COR_01,A,2,2,4,43.46
89,Traction,COR_01,C,26,4,13,41.17
90,Engineering,COR_01,C,4,1,13,23.33
91,Engineering,COR_01,C,12,1,10,24.97
92,Engineering,COR_02,C,14,3,18,37.41
93,Engineering,COR_05,C,13,1,17,31.84
94,S&T,COR_03,A,28,4,20,91.14
95,Engineering,COR_03,B,22,7,20,55.61
96,Engineering,COR_03,C,15,3,13,29.26
97,Engineering,COR_03,C,17,3,17,36.06
98,S&T,COR_02,C,21,2,22,40.73
99,Engineering,COR_04,B,28,2,4,62.04
100,Engineering,COR_05,B,21,1,1,52.2
101,S&T,COR_01,C,10,3,1,22.31
102,S&T,COR_04,C,2,2,15,4.3
103,S&T,COR_03,C,21,4,13,40.82
104,Engineering,COR_04,C,9,2,17,19.11
105,S&T,COR_05,C,9,6,24,19.59
106,S&T,COR_01,A,29,6,26,87.26
107,Engineering,COR_01,B,20,2,8,44.6
108,S&T,COR_05,A,15,3,18,59.9
109,Engineering,COR_05,B,11,7,27,38.39
110,Traction,COR_03,C,1,7,13,20.77
111,S&T,COR_01,B,8,3,23,33.68
112,Traction,COR_04,C,23,5,14,42.42
113,Engineering,COR_02,A,2,7,8,40.48
114,S&T,COR_02,B,23,6,8,57.97
115,Engineering,COR_05,B,29,4,27,70.04
116,Traction,COR_03,B,24,3,26,56.87
117,Engineering,COR_02,C,29,1,15,56.28
118,S&T,COR_01,B,14,6,27,54.39
119,S&T,COR_05,C,2,4,13,5.93
120,Traction,COR_04,A,18,4,7,65.29
121,Engineering,COR_05,A,17,3,5,66.29
122,S&T,COR_04,B,7,4,17,29.06
123,Traction,COR_05,C,25,3,28,49.05
124,S&T,COR_05,C,16,7,25,31.0
125,S&T,COR_05,B,7,2,29,45.13
126,Engineering,COR_04,B,6,6,16,36.87
127,S&T,COR_04,C,29,5,23,52.19
128,Engineering,COR_05,A,6,2,2,50.03
129,S&T,COR_02,B,2,6,22,31.16
130,Traction,COR_03,C,0,3,18,9.13
131,S&T,COR_03,C,3,6,17,11.83
132,Engineering,COR_03,B,24,7,7,59.16
133,Engineering,COR_04,C,4,3,13,19.92
134,Traction,COR_04,C,0,2,18,12.26
135,S&T,COR_02,B,14,1,29,39.69
136,S&T,COR_03,C,4,1,14,12.69
137,Traction,COR_03,C,12,6,18,27.33
138,S&T,COR_05,B,7,1,13,32.31
139,S&T,COR_04,B,7,3,11,41.07
140,Engineering,COR_03,B,4,4,21,23.09
141,S&T,COR_02,C,27,3,21,50.47
142,S&T,COR_02,B,8,4,16,41.41
143,Traction,COR_03,C,0,2,23,22.64
144,Traction,COR_04,C,3,5,17,13.66
145,Engineering,COR_02,A,2,4,8,40.88
146,S&T,COR_05,C,1,1,19,15.69
147,S&T,COR_02,B,7,3,20,34.76
148,S&T,COR_01,C,22,2,15,40.04
149,Engineering,COR_01,C,8,1,9,22.66
150,Engineering,COR_04,B,1,2,20,13.01
151,Traction,COR_03,B,13,5,10,44.76
152,Engineering,COR_04,A,13,7,12,61.51
153,S&T,COR_04,A,3,3,21,41.98
154,S&T,COR_04,B,29,6,23,78.78
155,Engineering,COR_04,B,5,3,20,27.68
156,S&T,COR_05,C,10,5,1,20.17
157,S&T,COR_05,B,2,3,25,35.63
158,Engineering,COR_02,B,7,6,20,30.19
159,Engineering,COR_01,C,2,4,9,10.26
160,S&T,COR_04,A,13,2,22,62.07
161,S&T,COR_02,C,27,6,15,50.89
162,S&T,COR_01,C,12,1,1,25.56
163,Traction,COR_03,C,12,5,12,20.84
164,Traction,COR_05,A,1,4,3,33.48
165,Traction,COR_01,B,12,1,11,37.59
166,Engineering,COR_03,B,28,1,2,63.99
167,Traction,COR_01,C,18,5,16,37.21
168,Engineering,COR_05,A,26,4,9,87.73
169,Engineering,COR_05,B,5,7,15,21.89
170,Traction,COR_02,C,15,1,12,35.33
171,Traction,COR_04,B,1,1,1,22.02
172,Traction,COR_01,B,7,4,13,38.8
173,S&T,COR_01,A,16,3,14,69.16
174,Traction,COR_03,C,22,1,25,47.16
175,S&T,COR_05,A,1,2,25,41.84
176,Engineering,COR_01,C,9,4,8,27.86
177,S&T,COR_05,C,27,1,8,48.23
178,Traction,COR_01,B,15,5,27,47.52
179,Engineering,COR_02,C,5,6,12,27.36
180,Engineering,COR_04,A,27,2,1,90.36
181,Engineering,COR_01,B,1,6,11,25.23
182,S&T,COR_05,C,1,6,8,5.51
183,Traction,COR_02,C,25,1,10,37.86
184,Engineering,COR_01,C,12,2,19,29.14
185,Engineering,COR_03,C,23,2,11,41.75
186,Engineering,COR_04,A,14,3,7,59.28
187,S&T,COR_01,A,27,6,11,88.81
188,S&T,COR_02,A,1,2,17,45.41
189,Traction,COR_03,B,6,3,1,32.0
190,S&T,COR_02,B,2,4,26,21.87
191,Engineering,COR_02,B,7,3,29,34.99
192,Traction,COR_03,B,22,5,21,54.52
193,Engineering,COR_02,B,13,7,21,41.95
194,Engineering,COR_03,C,23,1,8,38.72
195,S&T,COR_01,C,29,4,23,49.12
196,Traction,COR_03,B,22,7,24,53.05
197,S&T,COR_03,C,26,7,6,43.65
198,S&T,COR_04,C,21,4,22,37.89
199,Traction,COR_03,A,28,5,18,78.35
200,Engineering,COR_03,C,6,3,6,26.65
201,Engineering,COR_01,C,20,1,5,40.87
202,Traction,COR_04,C,6,3,13,17.08
203,Engineering,COR_05,B,0,2,19,22.58
204,Traction,COR_01,C,16,3,22,28.5
205,Traction,COR_01,B,8,4,8,40.9
206,S&T,COR_05,C,29,1,9,57.2
207,Traction,COR_03,C,20,3,17,38.86
208,S&T,COR_02,C,12,1,3,29.54
209,Engineering,COR_04,C,20,1,19,39.3
210,Engineering,COR_02,C,18,2,11,28.47
211,Engineering,COR_05,A,20,2,24,74.96
212,Engineering,COR_01,B,18,4,17,51.57
213,S&T,COR_01,C,24,5,21,42.19
214,Engineering,COR_04,B,24,7,19,59.97
215,Traction,COR_01,A,21,1,2,74.43
216,Traction,COR_01,A,16,5,8,65.75
217,Traction,COR_04,B,22,7,19,57.98
218,S&T,COR_04,C,22,7,7,34.33
219,Engineering,COR_05,C,29,4,28,48.94
220,Engineering,COR_01,C,9,7,27,19.54
221,Engineering,COR_01,C,9,7,17,27.83
222,S&T,COR_05,B,3,1,6,15.62
223,Traction,COR_03,B,7,1,19,38.84
224,Traction,COR_03,C,21,6,24,46.91
225,Engineering,COR_03,A,19,5,6,70.28
226,Traction,COR_05,C,19,3,28,27.2
227,Traction,COR_01,C,17,2,2,29.88
228,S&T,COR_05,B,13,3,6,40.72
229,S&T,COR_05,C,17,5,23,30.73
230,S&T,COR_03,C,27,2,5,43.08
231,S&T,COR_02,C,13,3,19,35.98
232,Engineering,COR_01,A,19,6,20,77.08
233,S&T,COR_03,B,20,2,4,47.75
234,Traction,COR_02,C,23,1,22,35.95
235,Engineering,COR_02,B,14,3,26,44.72
236,Traction,COR_04,A,21,2,17,76.55
237,Traction,COR_01,C,29,6,11,51.32
238,Traction,COR_02,A,3,7,4,37.56
239,S&T,COR_03,C,12,2,26,31.36
240,S&T,COR_04,C,26,2,13,54.07
241,Engineering,COR_01,C,22,6,20,45.0
242,Engineering,COR_05,B,7,7,26,34.74
243,S&T,COR_03,C,17,3,17,33.34
244,Traction,COR_02,A,11,4,9,54.91
245,Engineering,COR_02,A,22,3,4,82.4
246,S&T,COR_03,C,13,7,23,27.09
247,S&T,COR_02,B,1,5,28,25.9
248,S&T,COR_04,B,17,6,14,49.07
249,Traction,COR_01,C,23,3,19,40.29
250,S&T,COR_04,A,1,2,26,33.83
251,S&T,COR_02,B,10,6,28,41.56
252,S&T,COR_05,B,8,1,3,32.19
253,S&T,COR_01,C,11,7,14,27.84
254,Engineering,COR_01,C,16,3,8,28.84
255,Engineering,COR_03,B,14,6,24,51.25
256,S&T,COR_03,B,24,3,27,58.47
257,Traction,COR_05,A,16,6,28,77.29
258,Engineering,COR_01,A,25,2,1,74.71
259,S&T,COR_05,C,28,1,10,49.53
260,Engineering,COR_03,B,25,1,18,64.49
261,Engineering,COR_03,A,17,5,16,65.95
262,Traction,COR_01,C,21,6,8,39.78
263,S&T,COR_04,C,5,3,1,20.98
264,S&T,COR_02,C,16,1,12,22.06
265,Traction,COR_03,B,22,7,8,58.02
266,Traction,COR_03,B,23,1,24,49.14
267,S&T,COR_04,B,17,4,16,44.9
268,S&T,COR_04,A,7,4,18,57.52
269,Traction,COR_05,C,8,1,4,17.24
270,Engineering,COR_05,C,5,6,6,10.95
271,Engineering,COR_02,C,4,5,12,15.03
272,Traction,COR_02,C,11,1,27,37.13
273,Engineering,COR_01,B,24,2,9,51.02
274,Traction,COR_05,C,28,3,15,43.81
275,Engineering,COR_03,B,27,5,16,71.88
276,Engineering,COR_05,C,10,2,24,34.32
277,S&T,COR_03,B,24,5,12,59.24
278,S&T,COR_04,A,0,2,24,32.11
279,Engineering,COR_05,B,10,3,23,48.56
280,Engineering,COR_04,C,18,3,14,42.05
281,S&T,COR_02,B,8,4,13,37.27
282,S&T,COR_02,A,26,6,25,85.1
283,S&T,COR_01,B,1,2,2,20.85
284,Traction,COR_05,C,11,4,3,22.94
285,Engineering,COR_04,C,3,2,26,18.54
286,S&T,COR_03,C,3,4,24,23.17
287,Engineering,COR_02,A,17,3,22,74.47
288,Traction,COR_02,C,14,5,10,24.11
289,Traction,COR_03,B,18,7,9,55.68
290,S&T,COR_04,C,12,4,26,30.48
291,Traction,COR_04,C,18,2,20,39.08
292,Engineering,COR_05,A,16,2,8,72.64
293,S&T,COR_05,A,5,7,10,39.98
294,Engineering,COR_01,A,15,6,19,65.95
295,Engineering,COR_02,B,23,3,3,54.13
296,Traction,COR_05,B,11,2,24,34.03
297,Traction,COR_04,C,18,1,5,34.9
298,Traction,COR_03,B,4,5,3,37.23
299,Traction,COR_04,B,16,4,26,41.19
300,Traction,COR_02,A,25,6,27,86.97
301,S&T,COR_04,A,22,7,16,82.13
302,Engineering,COR_01,C,25,5,17,45.38
303,Engineering,COR_02,B,28,3,15,66.14
304,Engineering,COR_03,C,0,6,3,3.18
305,Engineering,COR_01,C,27,4,12,47.65
306,Traction,COR_02,C,26,4,9,41.38
307,Engineering,COR_03,C,24,7,21,34.47
308,S&T,COR_01,B,23,1,12,63.42
309,S&T,COR_01,C,22,7,26,46.7
310,Engineering,COR_02,A,9,3,15,53.88
311,Engineering,COR_05,A,14,6,2,62.15
312,S&T,COR_01,C,22,6,23,46.68
313,S&T,COR_01,C,20,2,18,39.34
314,Traction,COR_03,C,20,1,20,42.72
315,S&T,COR_04,A,10,1,12,53.75
316,Traction,COR_02,B,12,6,23,48.27
317,Traction,COR_02,C,4,6,4,15.91
318,Traction,COR_05,B,0,5,23,24.07
319,Traction,COR_05,C,23,5,16,36.34
320,Traction,COR_02,C,11,5,23,28.49
321,Engineering,COR_05,B,10,1,16,34.28
322,S&T,COR_03,B,16,2,1,42.09
323,Traction,COR_02,B,3,4,22,24.21
324,S&T,COR_05,B,14,5,25,41.25
325,S&T,COR_02,C,24,2,2,50.29
326,Traction,COR_04,B,29,7,3,72.04
327,Engineering,COR_01,C,8,3,26,32.29
328,Traction,COR_02,A,20,5,21,70.82
329,Engineering,COR_01,C,19,7,25,38.57
330,S&T,COR_05,B,18,4,20,45.76
331,Engineering,COR_01,A,18,3,17,68.53
332,Engineering,COR_02,A,11,3,20,54.37
333,Engineering,COR_04,C,4,4,22,23.21
334,S&T,COR_05,C,9,5,21,22.42
335,S&T,COR_02,C,16,1,29,39.71
336,Engineering,COR_05,A,4,4,1,44.05
337,Engineering,COR_03,A,21,4,20,88.29
338,Traction,COR_01,C,15,4,6,22.94
339,Engineering,COR_03,B,6,3,29,39.49
340,Traction,COR_02,B,27,2,15,70.14
341,Engineering,COR_04,C,8,7,26,19.41
342,Traction,COR_05,C,2,1,26,20.21
343,S&T,COR_01,C,14,5,14,31.11
344,Engineering,COR_05,C,15,5,20,31.01
345,Engineering,COR_02,B,17,7,15,45.35
346,Engineering,COR_05,B,13,2,14,39.23
347,Engineering,COR_01,C,2,4,25,24.68
348,Traction,COR_02,C,11,1,21,26.86
349,Engineering,COR_05,A,8,5,24,56.77
350,S&T,COR_04,B,27,7,25,63.3
351,S&T,COR_02,A,6,6,26,46.26
352,Engineering,COR_02,C,8,7,5,24.82
353,S&T,COR_04,C,12,5,6,19.52
354,Engineering,COR_03,C,17,4,17,32.31
355,Engineering,COR_01,B,4,6,11,27.63
356,S&T,COR_03,C,12,2,16,27.8
357,Engineering,COR_05,C,3,1,12,13.78
358,S&T,COR_04,A,1,2,15,39.74
359,Traction,COR_03,B,15,2,23,50.32
360,Engineering,COR_02,B,8,7,4,35.91
361,Traction,COR_05,A,8,1,27,49.44
362,S&T,COR_05,C,5,1,18,17.05
363,Traction,COR_03,B,10,5,21,44.19
364,Traction,COR_03,C,21,5,28,45.44
365,S&T,COR_04,B,23,1,3,50.39
366,Traction,COR_01,A,21,6,22,79.96
367,Traction,COR_03,B,0,3,8,11.73
368,S&T,COR_03,A,3,5,23,43.53
369,Traction,COR_02,B,12,3,3,47.32
370,S&T,COR_05,C,22,7,8,35.01
371,Traction,COR_01,C,12,6,18,23.95
372,S&T,COR_02,C,12,1,10,29.63
373,S&T,COR_04,A,1,6,25,32.9
374,Traction,COR_04,A,8,5,20,49.76
375,Traction,COR_03,A,23,2,17,84.07
376,Traction,COR_03,C,7,7,8,16.38
377,Engineering,COR_04,A,6,1,23,48.15
378,Engineering,COR_03,B,3,4,11,29.19
379,Engineering,COR_01,C,17,7,29,38.17
380,S&T,COR_03,B,2,3,5,24.4
381,Traction,COR_05,A,27,6,26,89.35
382,S&T,COR_03,B,5,1,13,31.09
383,Engineering,COR_02,C,11,7,21,26.31
384,Traction,COR_01,C,11,6,23,29.25
385,S&T,COR_02,B,20,1,5,49.84
386,Traction,COR_02,A,27,5,24,89.69
387,S&T,COR_05,C,7,7,27,18.18
388,Traction,COR_01,C,21,5,13,38.63
389,Engineering,COR_01,B,21,7,6,50.22
390,Engineering,COR_01,C,0,5,29,8.64
391,Traction,COR_01,B,3,6,5,25.96
392,S&T,COR_01,C,20,4,9,37.68
393,Engineering,COR_05,C,27,7,27,52.77
394,Engineering,COR_03,B,10,7,16,36.06
395,Engineering,COR_02,C,2,5,2,13.27
396,Traction,COR_01,C,12,1,1,27.08
397,Traction,COR_03,C,24,7,8,43.88
398,S&T,COR_03,A,16,5,28,66.0
399,S&T,COR_02,A,21,2,19,78.52
400,S&T,COR_05,B,21,5,11,56.34
401,Traction,COR_04,C,9,6,28,25.46
402,Traction,COR_04,B,20,4,12,44.01
403,S&T,COR_03,C,11,2,12,25.97
404,S&T,COR_02,C,14,6,7,38.22
405,Traction,COR_04,A,20,6,26,75.55
406,S&T,COR_03,C,9,6,13,19.52
407,Engineering,COR_05,A,13,1,27,65.28
408,Traction,COR_04,C,12,6,8,27.27
409,S&T,COR_03,B,4,1,29,35.99
410,Traction,COR_03,A,5,6,29,42.71
411,Engineering,COR_01,B,23,3,22,63.13
412,Traction,COR_05,B,1,2,28,28.33
413,Traction,COR_01,C,21,3,26,40.47
414,Traction,COR_02,C,16,6,9,32.9
415,Traction,COR_01,C,3,2,7,18.27
416,Engineering,COR_01,A,13,2,26,67.32
417,Traction,COR_04,A,9,7,21,49.63
418,Traction,COR_03,A,2,4,24,45.19
419,S&T,COR_05,C,24,3,15,42.86
420,Traction,COR_01,C,2,4,2,11.78
421,S&T,COR_05,B,14,2,23,45.96
422,Engineering,COR_01,A,5,1,20,46.04
423,Engineering,COR_02,C,16,2,25,39.55
424,Engineering,COR_01,C,11,4,12,24.88
425,Engineering,COR_04,C,21,3,1,31.67
426,S&T,COR_03,C,19,6,23,36.14
427,Traction,COR_02,B,23,7,22,60.68
428,Engineering,COR_01,A,28,7,8,95.08
429,Traction,COR_05,C,10,7,5,25.36
430,S&T,COR_02,C,24,6,15,39.36
431,S&T,COR_02,B,3,7,1,35.16
432,S&T,COR_01,C,25,3,1,43.17
433,Engineering,COR_02,C,27,6,25,54.61
434,Traction,COR_05,C,25,7,10,42.92
435,Traction,COR_02,C,5,6,22,21.4
436,Traction,COR_05,B,0,4,10,24.63
437,S&T,COR_01,C,19,3,21,42.96
438,Engineering,COR_03,C,22,5,15,45.18
439,S&T,COR_02,C,27,1,17,51.39
440,S&T,COR_03,C,15,7,22,30.97
441,Traction,COR_05,C,14,1,6,25.65
442,S&T,COR_02,A,16,6,3,66.7
443,Traction,COR_04,C,7,1,13,24.25
444,Engineering,COR_03,C,27,3,16,46.34
445,Traction,COR_02,C,25,3,8,47.98
446,Engineering,COR_03,C,11,2,15,32.25
447,Traction,COR_02,C,26,7,17,42.09
448,S&T,COR_01,B,21,2,17,52.06
449,S&T,COR_03,C,20,1,22,38.43
450,Engineering,COR_04,A,9,5,26,56.98
451,Engineering,COR_04,B,26,2,13,60.75
452,Engineering,COR_05,C,14,2,17,36.17
453,Traction,COR_02,C,29,3,6,50.11
454,Traction,COR_03,B,8,5,17,35.13
455,Engineering,COR_05,A,1,6,16,31.77
456,S&T,COR_03,C,4,1,14,10.41
457,Traction,COR_02,A,5,2,13,46.71
458,Traction,COR_04,A,6,5,6,36.68
459,Traction,COR_01,A,20,7,3,77.56
460,Engineering,COR_04,A,24,5,14,82.14
461,Engineering,COR_05,A,0,1,14,50.28
462,Engineering,COR_01,B,22,5,15,67.3
463,Engineering,COR_05,B,25,5,8,59.78
464,Engineering,COR_02,C,6,5,29,21.13
465,S&T,COR_01,C,19,7,15,40.9
466,S&T,COR_05,C,24,2,22,51.97
467,Engineering,COR_02,A,29,1,29,88.02
468,Traction,COR_04,B,11,7,27,33.59
469,Engineering,COR_02,C,15,5,13,28.01
470,S&T,COR_03,A,15,5,17,68.35
471,S&T,COR_02,B,10,2,21,41.08
472,Traction,COR_02,C,20,1,24,44.17
473,S&T,COR_03,C,3,3,3,7.63
474,Engineering,COR_05,A,12,7,28,51.53
475,Traction,COR_05,B,6,2,6,33.61
476,Engineering,COR_02,C,3,1,5,9.64
477,Engineering,COR_03,A,14,7,22,55.7
478,Traction,COR_03,C,18,5,26,37.74
479,Engineering,COR_04,C,8,1,17,25.67
480,S&T,COR_05,C,10,1,23,25.33
481,Engineering,COR_01,B,7,6,25,32.74
482,Traction,COR_05,C,0,1,2,8.08
483,Traction,COR_05,C,22,3,26,40.78
484,Traction,COR_04,B,24,1,15,54.24
485,Engineering,COR_01,A,23,3,5,76.1
486,Traction,COR_04,C,7,5,26,24.73
487,Traction,COR_01,B,12,3,20,43.33
488,Engineering,COR_02,B,21,7,6,54.58
489,S&T,COR_01,A,26,5,6,80.91
490,Engineering,COR_04,C,3,5,27,16.44
491,Traction,COR_05,C,7,3,18,11.29
492,Traction,COR_01,C,2,2,18,15.1
493,Engineering,COR_01,B,28,4,4,71.05
494,S&T,COR_03,A,8,1,17,45.49
495,Traction,COR_05,C,28,6,25,47.66
496,Traction,COR_02,B,1,4,14,24.67
497,Traction,COR_04,A,1,1,14,43.38
498,Engineering,COR_02,C,27,1,13,44.8
499,Traction,COR_05,C,12,5,7,22.62
500,S&T,COR_01,C,14,1,12,20.5
501,Traction,COR_01,C,27,6,23,49.04
502,Traction,COR_05,C,22,1,15,49.56
503,S&T,COR_01,B,11,3,19,41.35
504,Traction,COR_01,C,25,4,11,43.67
505,Engineering,COR_01,C,3,3,15,16.54
506,Engineering,COR_04,A,25,6,12,84.4
507,Engineering,COR_04,C,7,1,3,14.69
508,S&T,COR_03,C,8,7,17,25.8
509,Traction,COR_02,C,22,6,3,39.34
510,Engineering,COR_05,C,4,5,19,17.23
511,S&T,COR_05,C,23,3,20,38.36
512,Traction,COR_05,C,19,3,4,40.31
513,S&T,COR_03,A,17,2,3,70.14
514,Engineering,COR_04,C,10,1,26,23.95
515,Engineering,COR_03,B,14,5,16,48.85
516,Engineering,COR_05,B,27,7,12,62.29
517,S&T,COR_02,B,21,3,8,50.7
518,S&T,COR_01,B,8,3,24,32.82
519,Engineering,COR_04,B,16,5,29,42.03
520,S&T,COR_04,C,26,6,29,50.41
521,Engineering,COR_03,C,25,6,17,36.69
522,Engineering,COR_04,C,11,1,7,18.9
523,Traction,COR_05,A,6,2,11,37.82
524,S&T,COR_05,C,9,3,18,23.27
525,Engineering,COR_03,C,24,2,1,39.98
526,Engineering,COR_05,C,25,6,3,40.89
527,S&T,COR_02,A,24,6,4,76.42
528,Traction,COR_03,A,9,4,13,48.08
529,Traction,COR_02,B,26,7,6,63.9
530,Engineering,COR_01,A,12,1,26,59.03
531,S&T,COR_02,B,18,4,14,51.85
532,Traction,COR_01,C,10,7,5,18.73
533,S&T,COR_01,B,12,4,16,41.99
534,S&T,COR_02,A,20,4,15,80.99
535,Engineering,COR_03,B,7,1,15,35.61
536,Traction,COR_05,A,7,1,4,45.94
537,Engineering,COR_05,A,3,5,8,41.8
538,Traction,COR_01,B,14,2,27,45.28
539,Traction,COR_01,B,27,2,16,65.26
540,Traction,COR_03,C,10,5,28,25.32
541,Traction,COR_04,C,10,5,16,23.9
542,Traction,COR_02,B,0,6,4,20.77
543,S&T,COR_01,B,16,7,13,42.64
544,Engineering,COR_05,C,14,4,26,27.23
545,S&T,COR_03,B,19,5,28,48.36
546,Traction,COR_02,A,5,3,13,38.34
547,Engineering,COR_03,C,23,2,2,34.08
548,Traction,COR_02,A,21,5,3,75.72
549,Engineering,COR_02,C,27,3,22,44.42
550,S&T,COR_01,C,24,3,8,44.19
551,Engineering,COR_03,B,14,3,24,45.97
552,Engineering,COR_03,B,8,6,15,25.84
553,Engineering,COR_05,C,13,6,11,30.66
554,Engineering,COR_05,A,17,3,9,71.86
555,Engineering,COR_01,B,25,7,7,55.99
556,Traction,COR_01,C,16,6,13,33.98
557,Engineering,COR_04,C,17,4,2,27.67
558,Engineering,COR_05,A,4,3,8,43.05
559,S&T,COR_02,C,19,4,7,29.42
560,Engineering,COR_03,B,19,4,24,45.85
561,S&T,COR_01,C,8,3,12,19.55
562,Traction,COR_03,C,10,2,19,24.62
563,Engineering,COR_03,C,23,7,7,38.62
564,S&T,COR_04,B,21,3,10,49.27
565,S&T,COR_05,C,0,3,29,11.81
566,Traction,COR_01,A,17,6,25,72.29
567,Engineering,COR_03,C,5,3,16,17.76
568,Engineering,COR_01,A,26,2,3,85.61
569,S&T,COR_02,B,1,6,10,19.51
570,Engineering,COR_04,B,14,1,6,47.83
571,S&T,COR_02,C,28,1,18,43.79
572,Engineering,COR_01,C,25,4,18,47.18
573,S&T,COR_01,A,20,7,5,78.67
574,Engineering,COR_05,A,13,4,21,64.69
575,Traction,COR_03,C,4,2,29,18.03
576,Engineering,COR_03,B,5,5,7,26.02
577,Engineering,COR_02,A,5,7,28,52.74
578,Traction,COR_04,C,29,1,2,41.17
579,Engineering,COR_03,C,21,4,11,34.11
580,Traction,COR_05,C,29,1,13,47.7
581,Engineering,COR_02,B,17,2,23,55.95
582,S&T,COR_02,B,13,2,5,42.52
583,S&T,COR_05,C,9,5,6,17.21
584,Engineering,COR_04,C,13,5,24,28.68
585,Engineering,COR_05,C,12,6,26,26.35
586,Engineering,COR_04,C,29,7,29,49.16
587,S&T,COR_05,B,2,2,14,29.17
588,Engineering,COR_05,C,29,4,12,43.18
589,S&T,COR_01,B,5,1,4,35.0
590,Traction,COR_02,A,28,3,29,97.03
591,S&T,COR_05,C,7,5,23,26.73
592,S&T,COR_05,B,11,3,6,35.74
593,Traction,COR_03,A,12,4,10,57.97
594,S&T,COR_02,C,10,5,18,18.61
595,Engineering,COR_03,B,11,3,15,37.07
596,Engineering,COR_02,C,0,7,8,12.05
597,S&T,COR_03,B,16,4,26,55.14
598,Engineering,COR_05,C,15,1,9,25.13
599,S&T,COR_05,A,10,7,5,52.2
600,Engineering,COR_01,B,12,4,10,39.45
601,Engineering,COR_03,C,17,6,20,28.48
602,S&T,COR_04,C,10,5,6,25.48
603,Engineering,COR_01,B,27,2,16,62.0
604,S&T,COR_03,B,11,1,24,40.14
605,Engineering,COR_03,C,5,7,27,17.9
606,Engineering,COR_01,C,8,7,3,16.13
607,Traction,COR_05,C,15,3,10,30.21
608,Traction,COR_03,C,3,5,11,13.44
609,S&T,COR_05,A,2,2,11,37.57
610,Traction,COR_01,A,27,4,17,86.01
611,S&T,COR_05,C,15,2,4,30.59
612,Traction,COR_02,A,23,5,4,86.47
613,Engineering,COR_04,B,26,5,17,64.42
614,S&T,COR_03,C,25,6,9,47.85
615,S&T,COR_04,C,29,6,19,44.35
616,Engineering,COR_05,C,24,2,5,42.07
617,S&T,COR_03,C,11,4,22,22.15
618,S&T,COR_05,C,10,2,24,19.48
619,Traction,COR_02,A,4,5,6,38.97
620,S&T,COR_01,B,24,5,3,63.4
621,Engineering,COR_03,B,17,3,22,54.49
622,Traction,COR_02,B,18,6,1,49.21
623,Traction,COR_02,C,22,3,20,34.54
624,Engineering,COR_03,B,22,1,22,57.4
625,Engineering,COR_05,B,5,5,16,31.32
626,Traction,COR_02,B,21,3,23,57.63
627,S&T,COR_04,A,17,2,11,60.4
628,Traction,COR_02,B,25,6,13,57.52
629,Engineering,COR_05,A,5,6,27,47.67
630,Traction,COR_05,A,3,4,10,43.4
631,Engineering,COR_04,A,11,2,3,45.66
632,Traction,COR_02,B,18,4,9,48.83
633,S&T,COR_05,C,28,3,28,51.44
634,Traction,COR_03,B,26,7,12,66.69
635,Traction,COR_01,B,28,1,23,71.15
636,Engineering,COR_01,C,1,2,14,14.85
637,Engineering,COR_01,A,16,2,1,61.3
638,Engineering,COR_02,C,10,2,18,16.5
639,Traction,COR_04,C,10,4,17,23.06
640,S&T,COR_05,B,20,3,27,60.42
641,Engineering,COR_03,C,15,2,9,36.26
642,Engineering,COR_03,A,1,7,9,40.08
643,Traction,COR_02,C,1,2,23,15.77
644,Engineering,COR_01,B,22,6,10,57.83
645,S&T,COR_02,C,7,1,19,18.69
646,S&T,COR_04,A,12,6,29,61.44
647,Engineering,COR_04,C,9,6,15,30.55
648,Engineering,COR_05,C,7,1,5,14.47
649,Traction,COR_05,A,29,7,15,100.0
650,S&T,COR_04,B,3,3,20,26.05
651,S&T,COR_04,C,14,6,23,37.12
652,Engineering,COR_04,C,29,3,25,45.34
653,Traction,COR_02,B,0,6,28,26.71
654,S&T,COR_04,C,10,5,2,18.86
655,S&T,COR_03,C,6,1,13,12.46
656,Traction,COR_01,C,16,6,24,35.04
657,Traction,COR_04,A,26,5,16,91.61
658,S&T,COR_01,C,19,4,15,32.71
659,S&T,COR_02,B,23,5,25,53.74
660,Traction,COR_01,C,17,2,10,32.5
661,S&T,COR_02,B,21,6,14,54.86
662,Engineering,COR_03,A,28,5,10,92.41
663,Engineering,COR_02,C,21,3,25,45.15
664,Traction,COR_02,B,11,4,14,38.97
665,Traction,COR_05,C,8,7,26,32.0
666,Traction,COR_04,C,4,6,23,18.87
667,Engineering,COR_04,C,9,2,9,20.51
668,S&T,COR_03,A,3,7,25,36.51
669,Engineering,COR_03,C,4,5,14,15.1
670,S&T,COR_04,A,27,7,3,85.26
671,Engineering,COR_05,A,27,7,20,94.06
672,S&T,COR_04,C,9,4,16,25.35
673,Engineering,COR_05,B,10,7,2,30.24
674,Traction,COR_03,B,20,7,10,53.7
675,Engineering,COR_01,C,23,6,3,42.66
676,S&T,COR_03,B,9,4,11,42.29
677,Engineering,COR_03,B,27,2,11,68.28
678,Engineering,COR_02,C,7,5,21,24.9
679,Engineering,COR_02,A,1,4,21,39.32
680,Traction,COR_02,C,22,4,22,43.45
681,Engineering,COR_02,C,7,1,13,25.65
682,Traction,COR_05,C,15,4,7,23.77
683,Traction,COR_04,C,26,1,23,45.69
684,Engineering,COR_01,B,21,5,17,52.35
685,Engineering,COR_03,B,4,7,2,27.57
686,Engineering,COR_05,C,26,6,12,50.76
687,S&T,COR_01,C,24,6,25,42.27
688,Engineering,COR_05,C,28,5,10,36.96
689,Traction,COR_05,B,2,5,18,23.69
690,Engineering,COR_03,A,11,3,22,62.88
691,S&T,COR_04,A,12,7,27,64.05
692,Engineering,COR_02,C,12,5,11,28.32
693,S&T,COR_04,B,9,4,16,35.14
694,S&T,COR_03,C,3,6,17,9.77
695,Engineering,COR_03,C,8,2,19,24.79
696,Traction,COR_03,A,21,6,18,73.97
697,S&T,COR_01,C,23,1,3,49.39
698,Engineering,COR_04,B,22,6,21,60.64
699,Engineering,COR_04,C,26,3,27,45.37
700,Traction,COR_05,C,1,7,26,11.67
701,S&T,COR_05,C,18,5,16,34.9
702,S&T,COR_05,C,0,7,6,8.43
703,Engineering,COR_03,B,24,5,25,66.99
704,Engineering,COR_04,A,28,6,12,91.15
705,Traction,COR_03,C,6,2,11,15.15
706,Traction,COR_01,A,16,2,15,75.77
707,S&T,COR_05,B,2,3,15,25.21
708,S&T,COR_03,A,19,1,16,76.83
709,Engineering,COR_03,C,19,6,10,32.87
710,S&T,COR_01,A,20,5,12,76.27
711,Traction,COR_02,C,29,6,28,53.52
712,Traction,COR_04,C,2,3,13,5.01
713,Engineering,COR_02,A,2,4,4,46.95
714,Traction,COR_05,A,16,4,7,71.68
715,Traction,COR_03,B,6,3,22,30.88
716,Traction,COR_01,C,26,5,2,38.6
717,Traction,COR_01,B,25,7,26,65.34
718,Engineering,COR_04,B,13,3,27,45.13
719,Engineering,COR_02,A,16,5,27,71.08
720,S&T,COR_04,C,17,2,27,36.79
721,Traction,COR_03,B,12,3,15,43.26
722,S&T,COR_04,C,19,5,8,41.67
723,Engineering,COR_01,C,28,3,7,49.59
724,Engineering,COR_01,B,19,3,15,47.55
725,Engineering,COR_05,C,20,7,23,45.29
726,Engineering,COR_05,A,26,7,14,94.06
727,Engineering,COR_03,C,17,5,8,46.58
728,Engineering,COR_02,C,3,5,28,12.42
729,Engineering,COR_04,C,0,1,12,11.65
730,Traction,COR_03,A,17,3,13,59.69
731,S&T,COR_05,A,0,4,11,37.77
732,Engineering,COR_04,B,25,3,17,59.75
733,Traction,COR_05,B,25,3,29,72.89
734,Traction,COR_04,B,12,5,17,37.92
735,S&T,COR_02,B,19,3,24,46.31
736,Engineering,COR_03,A,19,6,4,69.18
737,S&T,COR_04,B,22,3,21,49.31
738,Engineering,COR_01,C,9,6,8,25.22
739,Traction,COR_01,B,26,7,5,52.47
740,Traction,COR_04,A,10,4,26,57.69
741,Traction,COR_04,B,8,5,16,25.53
742,Traction,COR_04,A,8,3,4,48.31
743,S&T,COR_01,C,4,6,28,26.07
744,Engineering,COR_01,A,25,6,22,87.83
745,Engineering,COR_04,C,0,7,29,9.75
746,S&T,COR_05,C,16,6,15,32.33
747,Engineering,COR_05,C,21,2,12,38.69
748,Traction,COR_02,C,1,1,5,12.76
749,Engineering,COR_03,C,23,4,23,37.15
750,Traction,COR_05,C,12,7,16,29.94
751,S&T,COR_01,C,8,7,14,9.57
752,Engineering,COR_05,C,28,3,10,44.79
753,S&T,COR_02,C,3,2,7,11.51
754,Engineering,COR_02,C,4,3,13,18.91
755,Traction,COR_03,C,10,3,20,25.44
756,S&T,COR_05,B,23,5,28,54.69
757,Engineering,COR_01,B,18,5,29,48.73
758,Traction,COR_01,A,20,5,5,74.29
759,S&T,COR_04,A,2,2,29,42.08
760,S&T,COR_01,B,11,3,3,34.69
761,Engineering,COR_03,A,25,1,15,82.84
762,Engineering,COR_03,C,18,4,4,36.28
763,Engineering,COR_01,B,18,5,15,48.32
764,Traction,COR_01,C,12,5,14,26.55
765,Engineering,COR_04,A,27,7,20,99.44
766,S&T,COR_01,B,6,3,19,25.77
767,S&T,COR_04,C,14,3,13,21.2
768,Engineering,COR_04,C,22,2,10,43.07
769,Engineering,COR_01,A,6,2,21,45.82
770,S&T,COR_02,C,25,5,5,41.28
771,Traction,COR_02,C,7,3,27,19.11
772,Engineering,COR_04,B,4,1,23,28.46
773,Engineering,COR_01,B,20,4,20,61.83
774,S&T,COR_02,C,13,3,29,34.52
775,Engineering,COR_01,C,3,7,20,19.84
776,Traction,COR_01,C,22,3,25,35.95
777,S&T,COR_01,C,9,6,6,16.39
778,Engineering,COR_05,B,19,2,4,37.63
779,S&T,COR_01,B,14,7,2,38.3
780,Engineering,COR_05,B,17,4,22,54.52
781,Engineering,COR_04,C,19,5,16,38.95
782,Engineering,COR_02,C,12,7,18,26.67
783,Traction,COR_02,C,28,3,5,46.61
784,Traction,COR_02,B,7,5,22,31.18
785,S&T,COR_02,B,8,3,4,33.55
786,Engineering,COR_02,B,15,5,13,48.87
787,Engineering,COR_02,C,18,4,19,28.66
788,Traction,COR_02,C,15,2,23,33.89
789,Engineering,COR_04,A,6,4,2,49.61
790,Traction,COR_01,C,13,6,13,26.26
791,Engineering,COR_03,A,27,1,11,91.3
792,S&T,COR_05,C,13,2,22,42.23
793,Engineering,COR_03,A,24,4,29,85.05
794,Engineering,COR_03,C,26,6,4,45.61
795,Traction,COR_01,A,3,1,22,39.86
796,Engineering,COR_01,C,25,6,20,46.18
797,Engineering,COR_01,B,14,3,20,47.15
798,Traction,COR_02,A,2,3,15,40.81
799,S&T,COR_04,B,4,5,4,21.7
800,S&T,COR_02,A,0,2,9,35.88
801,Traction,COR_04,A,2,3,7,45.02
802,Traction,COR_04,C,14,7,19,32.5
803,Traction,COR_03,B,23,6,19,63.63
804,Traction,COR_03,C,26,2,6,43.16
805,Traction,COR_04,C,7,7,6,22.18
806,S&T,COR_04,C,28,3,20,50.62
807,S&T,COR_02,A,3,5,15,37.67
808,Traction,COR_02,B,1,4,15,24.8
809,Engineering,COR_03,C,28,5,25,45.85
810,Traction,COR_01,C,23,7,20,39.88
811,Engineering,COR_04,B,23,1,9,58.41
812,Traction,COR_02,B,9,3,4,35.57
813,Traction,COR_03,B,3,7,18,21.83
814,S&T,COR_02,C,2,1,18,19.0
815,Engineering,COR_04,B,1,1,5,24.15
816,Engineering,COR_04,B,24,6,20,57.99
817,S&T,COR_05,C,16,2,23,27.05
818,S&T,COR_01,A,22,6,11,77.75
819,S&T,COR_05,A,20,3,5,71.42
820,S&T,COR_03,C,23,1,22,43.56
821,Engineering,COR_02,C,19,7,26,36.81
822,Engineering,COR_03,B,22,4,4,46.14
823,Traction,COR_04,B,12,1,29,41.77
824,Traction,COR_05,B,4,7,12,26.3
825,S&T,COR_05,B,29,4,2,68.75
826,S&T,COR_05,C,20,6,13,34.34
827,S&T,COR_03,B,29,6,10,74.83
828,Traction,COR_04,B,8,2,9,25.03
829,Traction,COR_02,B,24,7,10,65.18
830,Traction,COR_02,C,28,1,7,46.06
831,Traction,COR_03,C,24,5,4,45.01
832,Traction,COR_05,C,27,6,19,48.22
833,Traction,COR_01,A,21,6,10,81.33
834,Traction,COR_03,C,5,2,3,13.92
835,S&T,COR_03,C,4,4,25,13.33
836,S&T,COR_04,B,24,2,21,67.63
837,S&T,COR_02,B,9,1,29,38.19
838,S&T,COR_03,B,7,7,19,34.7
839,Traction,COR_03,B,6,3,21,37.96
840,Engineering,COR_05,B,6,3,2,24.49
841,Traction,COR_05,A,5,7,27,50.6
842,Engineering,COR_01,B,20,4,20,52.09
843,S&T,COR_04,C,28,6,10,47.01
844,Traction,COR_01,B,19,4,2,50.23
845,S&T,COR_05,C,2,6,2,4.78
846,Traction,COR_02,C,18,6,28,33.98
847,S&T,COR_05,C,21,3,24,46.76
848,Engineering,COR_04,C,14,4,17,34.09
849,Engineering,COR_05,A,3,2,16,41.8
850,Engineering,COR_04,C,27,6,16,48.41
851,Traction,COR_04,A,11,5,14,56.08
852,Engineering,COR_04,B,5,5,7,34.41
853,Traction,COR_04,C,18,2,21,35.31
854,Engineering,COR_04,A,3,5,11,42.22
855,Engineering,COR_02,B,14,1,24,50.92
856,Traction,COR_01,C,8,6,1,15.83
857,Traction,COR_03,C,4,2,11,22.67
858,Engineering,COR_01,C,12,4,23,21.74
859,Traction,COR_04,B,22,6,21,65.35
860,Engineering,COR_02,C,25,2,4,40.86
861,Traction,COR_05,B,17,3,7,46.52
862,S&T,COR_02,C,29,4,26,43.37
863,S&T,COR_04,C,29,3,15,47.8
864,S&T,COR_02,C,4,6,18,12.35
865,S&T,COR_02,C,24,4,12,39.91
866,S&T,COR_04,A,15,5,17,65.14
867,Engineering,COR_02,C,26,2,1,47.59
868,S&T,COR_03,C,18,6,11,35.35
869,S&T,COR_03,A,13,1,28,65.17
870,S&T,COR_02,C,24,4,1,35.78
871,S&T,COR_05,B,29,4,15,64.33
872,Traction,COR_04,C,15,7,28,41.45
873,Engineering,COR_03,C,26,6,21,43.61
874,S&T,COR_05,C,14,6,10,36.28
875,S&T,COR_02,A,21,3,7,74.64
876,S&T,COR_05,C,3,7,2,12.8
877,Engineering,COR_01,C,6,5,10,22.99
878,Traction,COR_03,C,15,3,24,38.39
879,Engineering,COR_02,B,23,7,4,56.18
880,Traction,COR_04,B,21,3,12,53.17
881,S&T,COR_02,C,20,5,19,38.27
882,S&T,COR_04,B,21,7,26,58.89
883,Engineering,COR_02,C,20,7,11,41.06
884,Engineering,COR_05,C,7,1,8,19.22
885,Traction,COR_05,C,16,3,18,35.75
886,Traction,COR_05,C,15,3,11,37.71
887,Engineering,COR_01,C,26,4,11,46.8
888,Traction,COR_04,A,22,5,13,80.14
889,Engineering,COR_05,A,9,2,3,44.75
890,Traction,COR_01,A,9,1,12,41.41
891,Engineering,COR_04,A,26,7,3,86.53
892,Engineering,COR_02,C,1,7,10,11.13
893,Engineering,COR_01,C,29,7,27,49.67
894,Traction,COR_03,C,8,1,17,23.22
895,Traction,COR_01,C,16,7,22,33.44
896,Traction,COR_01,C,10,7,2,27.16
897,Engineering,COR_04,C,9,5,17,23.86
898,Traction,COR_02,C,21,6,16,35.99
899,Traction,COR_03,C,24,6,2,45.24
900,Engineering,COR_05,B,16,4,28,48.77
901,S&T,COR_05,A,3,4,22,45.49
902,Engineering,COR_01,B,15,7,20,44.58
903,Traction,COR_04,C,19,5,6,31.98
904,Engineering,COR_04,C,14,7,28,32.48
905,S&T,COR_05,B,24,4,25,62.07
906,Engineering,COR_03,B,26,1,29,68.07
907,Traction,COR_02,C,20,1,10,35.72
908,S&T,COR_03,A,4,2,28,38.0
909,Traction,COR_02,B,5,6,10,26.98
910,S&T,COR_05,C,16,5,8,34.75
911,S&T,COR_02,B,0,3,1,17.97
912,Engineering,COR_04,A,24,6,13,81.57
913,Engineering,COR_01,C,18,3,24,41.13
914,Traction,COR_01,C,3,2,9,10.87
915,Engineering,COR_05,C,16,2,22,26.84
916,Engineering,COR_04,B,8,7,10,33.0
917,S&T,COR_03,B,23,4,15,56.48
918,Engineering,COR_04,B,1,2,5,17.31
919,S&T,COR_01,C,7,2,22,20.91
920,S&T,COR_01,C,14,3,16,32.16
921,S&T,COR_04,A,6,4,13,47.38
922,Traction,COR_04,C,26,2,22,48.43
923,Traction,COR_01,A,5,6,25,55.67
924,Traction,COR_03,B,0,2,20,21.15
925,S&T,COR_05,A,14,4,18,65.21
926,Traction,COR_05,B,22,7,11,54.05
927,Traction,COR_04,C,25,5,27,42.85
928,Engineering,COR_05,C,6,4,9,15.44
929,Traction,COR_01,A,28,3,16,88.9
930,Traction,COR_01,C,29,5,2,49.11
931,S&T,COR_04,A,24,6,26,95.44
932,S&T,COR_04,C,16,1,25,31.06
933,S&T,COR_04,C,1,4,2,8.27
934,S&T,COR_03,B,26,7,12,62.63
935,S&T,COR_05,C,8,3,8,22.3
936,S&T,COR_04,B,28,6,9,66.75
937,Traction,COR_02,A,8,5,12,56.87
938,S&T,COR_02,B,12,6,26,32.17
939,S&T,COR_01,C,5,4,9,6.09
940,Engineering,COR_05,C,5,2,10,14.68
941,Traction,COR_04,A,19,7,25,79.89
942,Traction,COR_02,C,19,4,2,27.19
943,Traction,COR_05,C,20,1,16,24.6
944,S&T,COR_01,C,2,4,20,17.2
945,S&T,COR_03,C,16,5,7,32.12
946,S&T,COR_05,C,16,5,28,29.93
947,Engineering,COR_05,A,11,4,2,50.87
948,S&T,COR_03,A,15,5,1,58.59
949,Engineering,COR_05,C,14,2,19,31.0
950,Traction,COR_01,B,12,6,28,40.54
951,S&T,COR_01,C,22,4,4,40.72
952,Engineering,COR_03,C,0,7,24,0.0
953,Engineering,COR_04,A,16,2,22,64.79
954,S&T,COR_02,A,2,6,27,37.07
955,Traction,COR_04,B,25,7,2,58.38
956,Traction,COR_05,C,14,7,25,29.18
957,Traction,COR_02,B,3,7,14,29.96
958,Engineering,COR_03,B,3,6,2,16.0
959,Engineering,COR_03,B,17,2,29,51.72
960,Engineering,COR_02,A,16,7,15,69.84
961,Engineering,COR_01,B,18,7,12,58.35
962,Traction,COR_02,A,10,3,5,51.68
963,S&T,COR_05,C,19,4,28,40.23
964,Engineering,COR_01,B,2,6,20,17.85
965,Engineering,COR_03,B,7,6,29,24.85
966,Traction,COR_02,B,13,5,7,44.95
967,S&T,COR_04,B,25,6,24,63.42
968,S&T,COR_04,C,0,2,21,17.42
969,Traction,COR_05,C,13,6,10,21.46
970,Traction,COR_04,A,1,3,14,40.12
971,S&T,COR_02,C,28,4,14,56.63
972,Engineering,COR_02,A,22,4,5,79.19
973,S&T,COR_04,A,3,6,18,43.66
974,Traction,COR_02,C,23,7,24,43.45
975,Engineering,COR_05,C,26,1,14,38.65
976,Engineering,COR_01,C,28,1,2,52.21
977,Traction,COR_05,B,18,7,26,49.86
978,Traction,COR_05,C,5,7,12,19.49
979,Traction,COR_02,A,24,7,22,77.31
980,S&T,COR_01,B,0,2,24,18.14
981,S&T,COR_02,C,16,1,6,37.25
982,Engineering,COR_03,B,7,7,4,29.49
983,Traction,COR_02,C,18,2,13,41.25
984,Engineering,COR_02,C,20,5,4,35.5
985,Engineering,COR_02,A,0,2,22,29.07
986,Engineering,COR_01,C,4,1,14,20.24
987,Engineering,COR_02,C,26,6,16,43.37
988,Traction,COR_01,B,15,5,29,51.42
989,Engineering,COR_04,C,5,1,4,15.93
990,Traction,COR_03,C,7,2,24,15.18
991,Traction,COR_01,A,12,3,25,62.04
992,S&T,COR_04,C,15,4,1,38.41
993,Traction,COR_01,C,29,1,13,51.66
994,S&T,COR_01,A,2,7,4,37.73
995,Traction,COR_03,C,18,2,20,40.81
996,Traction,COR_05,B,11,7,18,40.88
997,Traction,COR_05,C,15,7,6,30.46
998,S&T,COR_01,C,26,7,3,38.82
999,S&T,COR_02,B,10,7,23,40.27
1000,Engineering,COR_04,B,9,7,13,40.46
